Assembly Accession	Assembly Name	Organism Name	Organism Taxonomic ID	Organism Infraspecific Names Breed	Organism Infraspecific Names Strain	Organism Infraspecific Names Cultivar	Organism Infraspecific Names Ecotype	Organism Infraspecific Names Isolate	Organism Infraspecific Names Sex	Annotation Name	Assembly Stats Total Sequence Length	Assembly Stats Total Number of Chromosomes	Assembly Level	Assembly Release Date	WGS project accession	Assembly Stats Contig N50	Assembly Stats Scaffold N50	Assembly Stats Number of Scaffolds	Annotation BUSCO Complete 	Annotation BUSCO Single Copy 	Annotation BUSCO Duplicated 	Annotation BUSCO Fragmented 	Annotation BUSCO Missing 	Annotation BUSCO Lineage 	Assembly Sequencing Tech	Annotation Count Gene Total	Annotation Count Gene Protein-coding	Annotation Count Gene Pseudogene	Type Material Display Text
GCA_040285375.1	ASM4028537v1	Laudakia wui	1816318				Bomi	SW-2024a			1779364323	18	Chromosome	2024-06-25	JBCNYC01	170066346	273178261	18							PacBio Sequel				
GCA_030440675.1	ASM3044067v1	Furcifer pardalis	187939					Fpa_1	male		1609777135	11	Chromosome	2023-07-12		158731830	184669281	11							PacBio Sequel IIe; DNBSEQ-T7				
GCA_035594765.1	rAnoCar3.1.pri	Anolis carolinensis	28377					JA03-04	male		1850740401	8	Chromosome	2024-01-12	JAWQEF01	26091274	288964324	211							PacBio Sequel				
GCF_035594765.1	rAnoCar3.1.pri	Anolis carolinensis	28377					JA03-04	male	GCF_035594765.1-RS_2024_02	1850740401	8	Chromosome	2024-01-12	JAWQEF01	26091274	288964324	211	0.9736631	0.95360965	0.020053476	0.004010695	0.022326203	sauropsida_odb10	PacBio Sequel	27148	20447	628	
GCA_037176765.1	rAnoSag1.mat	Anolis sagrei	38937					rAnoSag1	male		1950830970	15	Chromosome	2024-03-15	JBBBDO01	43146625	249210491	29							PacBio Sequel II HiFi; Arima Hi-C v2				
GCF_037176765.1	rAnoSag1.mat	Anolis sagrei	38937					rAnoSag1	male	GCF_037176765.1-RS_2024_08	1950830970	15	Chromosome	2024-03-15	JBBBDO01	43146625	249210491	29	0.9735294	0.93328875	0.04024064	0.005080214	0.021390375	sauropsida_odb10	PacBio Sequel II HiFi; Arima Hi-C v2	23363	20130	1009	
GCA_028583425.1	MPM_Emac_v1.0	Eublepharis macularius	481883					TG4126			2237379946	19	Chromosome	2023-02-10	JAOPLA01	80105973	145573841	75							PacBio Sequel				
GCF_028583425.1	MPM_Emac_v1.0	Eublepharis macularius	481883					TG4126		GCF_028583425.1-RS_2023_03	2237379946	19	Chromosome	2023-02-10	JAOPLA01	80105973	145573841	75	0.9824866	0.96229947	0.020187166	0.0024064172	0.015106952	sauropsida_odb10	PacBio Sequel	24025	20469	827	
GCA_021292165.1	IOZ_Scro_1.0	Shinisaurus crocodilurus	52224				Guangxi	GXDGS128	female		2189995079	16	Chromosome	2021-12-28	JAHFWL01	3338364	296945371	1553							PacBio; Illumina HiSeq				
GCA_003400415.2	UTA_CroVir_3.0	Crotalus viridis viridis	8742						male		1340198908	18	Chromosome	2019-01-08	PDHV02	14888	179897795	7043							Illumina HiSeq				
GCA_039880765.1	rSisCat1_p1.0	Sistrurus catenatus	8756					EasternMassasaugaR01			1559830260	18	Chromosome	2024-05-29	JBAIFV01	12532727	200181838	178							PacBio Sequel II; Illumina NovaSeq 6000				
GCA_023653725.1	ASM2365372v1	Bungarus multicinctus	8616					BM01	male		1593755901	18	Chromosome	2022-06-07	JAGDQI01	5437538	135406522	448							PacBio Sequel				
GCA_009769535.1	rThaEle1.pri	Thamnophis elegans	35005					rThaEle1	female		1672190305	18	Chromosome	2019-12-23	WNNA01	4620601	100851885	365							PacBio Sequel I CLR; Illumina NovaSeq; Arima Genomics Hi-C; Bionano Genomics DLS				
GCF_009769535.1	rThaEle1.pri	Thamnophis elegans	35005					rThaEle1	female	NCBI Thamnophis elegans Annotation Release 100	1672190305	18	Chromosome	2019-12-23	WNNA01	4620601	100851885	365	0.93997324	0.90588236	0.03409091	0.008957219	0.05106952	sauropsida_odb10	PacBio Sequel I CLR; Illumina NovaSeq; Arima Genomics Hi-C; Bionano Genomics DLS	21688	18900	603	
GCA_964188175.1	rPodSic1.hap1.1	Podarcis siculus	65484								1571364497	20	Chromosome	2024-06-21	CAXLOV01	3060007	94541350	293							PacBio,Arima2				
GCA_004329235.1	PodMur_1.0	Podarcis muralis	64176				yellow		male		1511002858	19	Chromosome	2019-03-07	SIRZ01	714612	92398148	2160							PacBio; HiSeq; Chicago; HiC				
GCF_004329235.1	PodMur_1.0	Podarcis muralis	64176				yellow		male	NCBI Podarcis muralis Annotation Release 100	1511002858	19	Chromosome	2019-03-07	SIRZ01	714612	92398148	2160	0.963369	0.9352941	0.028074866	0.007486631	0.029144386	sauropsida_odb10	PacBio; HiSeq; Chicago; HiC	26732	21258	1146	
GCA_009733165.1	Nana_v5	Naja naja	35670					NN01	male	Annotation submitted by Genentech Inc.,	1768535092	19	Chromosome	2019-12-11	SOZL01	302474	224088900	1897							Illumina HiSeq; Oxford Nanopore; PacBio; Bionano	23071	23071		
GCA_023053635.2	rElgMul1.1.pri	Elgaria multicarinata webbii	159646				San Diego	HBS135686			1790500004	23	Chromosome	2024-01-04	JALIGS02	85762895	121985326	34							Illumina NovaSeq 6000; PacBio Sequel II; Dovetail OmniC				
GCF_023053635.1	rElgMul1.1.pri	Elgaria multicarinata webbii	159646				San Diego	HBS135686		GCF_023053635.1-RS_2024_02	1790500004	23	Chromosome	2024-01-04	JALIGS02	85762895	121985326	34	0.9820856	0.96590906	0.016176471	0.0021390375	0.015775401	sauropsida_odb10	Illumina NovaSeq 6000; PacBio Sequel II; Dovetail OmniC	21748	19563	730	
GCA_038048745.1	rColCon1_p1.0	Coluber constrictor foxii	3052055					BlueRacer01	female		1829127931	19	Chromosome	2024-04-17	JAWJVD01	72486006	170815331	272							PacBio Sequel; Illumina NovaSeq				
GCA_027172205.1	rPodRaf1.pri	Podarcis raffonei	65483				La Canna islet	rPodRaf1	female		1513131503	20	Chromosome	2022-12-27	JAPYJY01	61439401	93623253	27							PacBio Sequel II HiFi; Bionano DLS; Arima Hi-C v2				
GCF_027172205.1	rPodRaf1.pri	Podarcis raffonei	65483					rPodRaf1	female	GCF_027172205.1-RS_2023_02	1513131503	20	Chromosome	2022-12-27	JAPYJY01	61439401	93623253	27	0.98074865	0.95975935	0.020989304	0.0030748663	0.016176471	sauropsida_odb10	PacBio Sequel II HiFi; Bionano DLS; Arima Hi-C v2	26204	20895	706	
GCA_035046505.1	rTilSci1.hap2	Tiliqua scincoides	71010					rTilSci1	male		1623332312	16	Chromosome	2024-01-04	JAYFUK01	33113817	242160784	350							PacBio Sequel II HiFi; Arima Hi-C v2				
GCF_035046505.1	rTilSci1.hap2	Tiliqua scincoides	71010					rTilSci1	male	GCF_035046505.1-RS_2024_07	1623332312	16	Chromosome	2024-01-04	JAYFUK01	33113817	242160784	350	0.94425136	0.9290107	0.015240641	0.0077540106	0.04799465	sauropsida_odb10	PacBio Sequel II HiFi; Arima Hi-C v2	30291	18882	9971	
GCA_028640845.1	ASM2864084v1	Ahaetulla prasina	499056					Xishuangbanna	female		1772420080	18	Chromosome	2023-02-22	JAQQSC01	23873608	231952326	748							MGISEQ-2000; Oxford Nanopore PromethION; Illumina HiSeq				
GCF_028640845.1	ASM2864084v1	Ahaetulla prasina	499056					Xishuangbanna	female	GCF_028640845.1-RS_2023_07	1772420080	18	Chromosome	2023-02-22	JAQQSC01	23873608	231952326	748	0.9342246	0.92085564	0.013368984	0.0060160425	0.05975936	sauropsida_odb10	MGISEQ-2000; Oxford Nanopore PromethION; Illumina HiSeq	21369	18292	502	
GCA_963506605.1	rZooViv1.1	Zootoca vivipara	8524								1440239386	19	Chromosome	2023-09-20	CAUOQL01	3447840	96056580	48							PacBio,Arima2				
GCF_963506605.1	rZooViv1.1	Zootoca vivipara	8524							GCF_963506605.1-RS_2023_10	1440239386	19	Chromosome	2023-09-20	CAUOQL01	3447840	96056580	48	0.9760695	0.955615	0.020454545	0.0036096256	0.020320855	sauropsida_odb10	PacBio,Arima2	22823	20197	491	
GCA_016801065.1	ASM1680106v1	Sceloporus tristichus	190870					Voucher No. AMNH 153954. CUST_Tissue_1076. Female	female		1815771249	11	Chromosome	2021-02-04	JACSCI01	91782	269060969	6826							Illumina HiSeq; Illumina HiSeq				
GCA_964194415.1	rVipBer3.hap1.1	Vipera berus	31155								1694999861	19	Chromosome	2024-06-28	CAXMMJ01	4688414	218396773	478							PacBio,Arima2				
GCA_027244095.1	rHemCap1.1.pri	Hemicordylus capensis	884348				Gifberg		male		2294751221	17	Chromosome	2022-12-28	JAPMAM01	160691000	359646233	44							PacBio Sequel IIe; Dovetail Omni-C				
GCF_027244095.1	rHemCap1.1.pri	Hemicordylus capensis	884348				Gifberg		male	GCF_027244095.1-RS_2023_02	2294751221	17	Chromosome	2022-12-28	JAPMAM01	160691000	359646233	44	0.9800802	0.9602941	0.019786097	0.0037433156	0.016176471	sauropsida_odb10	PacBio Sequel IIe; Dovetail Omni-C	31139	21239	693	
GCA_030412105.1	rCycPin1.hap1	Cyclura pinguis	118683					rCycPin1	male		1983614781	19	Chromosome	2023-07-07	JASZZK01	112814430	291724653	29							PacBio Sequel II HiFi; Bionano Genomics DLS; Dovetail OmniC				
GCA_039797435.1	Cadamanteus_3dDNAHiC_1.2	Crotalus adamanteus	8729					DRR0105	female	Annotation submitted by Florida State University	1696173748	19	Chromosome	2024-05-24	JAOTOJ01	67532859	208942360	26							Pacbio HiFi	21841	21841		
GCA_951804945.1	rPodCre2.1	Podarcis cretensis	1330250								1507609967	19	Chromosome	2023-06-02	CATORL01	65743000	94621998	50							PacBio,Arima2				
GCA_030867105.1	rLiaOli1.hap1	Liasis olivaceus	283338					rLiaOli1	female		1486119866	17	Chromosome	2023-08-24	JAVFJL01	65226870	203662644	43							PacBio Sequel II HiFi; Bionano Genomics DLS; Arima Hi-C v2				
GCA_035149785.1	rCanAsp1.hap2	Candoia aspera	51853					rCanAsp1	female		1530810380	18	Chromosome	2024-01-18	JAYKKZ01	55640180	209480725	149							PacBio Sequel II HiFi; Arima Hi-C v2				
GCF_035149785.1	rCanAsp1.hap2	Candoia aspera	51853					rCanAsp1	female	GCF_035149785.1-RS_2024_02	1530810380	18	Chromosome	2024-01-18	JAYKKZ01	55640180	209480725	149	0.96911764	0.957754	0.011363637	0.0045454544	0.026336899	sauropsida_odb10	PacBio Sequel II HiFi; Arima Hi-C v2	20506	18397	501	
GCA_024294585.1	rVipLat1.pri	Vipera latastei	246179					rVipLat1	male		1631568913	18	Chromosome	2022-07-20	JANCQY01	44839567	222489854	56							PacBio Sequel II HiFi; Bionano DLE1; Arima Hi-C				
GCA_029931775.1	rEulEur1.hap1	Euleptes europaea	460621					rEulEur1	male		1781916107	21	Chromosome	2023-05-15	JARABC01	26991305	102317683	591							PacBio Sequel II HiFi; Bionano Genomics DLS; Arima Hi-C v2				
GCF_029931775.1	rEulEur1.hap1	Euleptes europaea	460621					rEulEur1	male	GCF_029931775.1-RS_2023_06	1781916107	21	Chromosome	2023-05-15	JARABC01	26991305	102317683	591	0.97566843	0.9564171	0.019251337	0.0038770053	0.020454545	sauropsida_odb10	PacBio Sequel II HiFi; Bionano Genomics DLS; Arima Hi-C v2	21512	18633	645	
GCA_019473425.1	HCya_v2	Hydrophis cyanocinctus	8686					QH_4	male		1980712740	18	Chromosome	2021-08-09	JAAZTL01	18985681	264245889	1163							PacBio Sequel; Illumina HiSeq				
GCA_030035675.1	rRhiFlo1.hap2	Rhineura floridana	261503					rRhiFlo1	female		2307419594	22	Chromosome	2023-05-22	JASFZN01	18156940	188683971	76							PacBio Sequel II HiFi; Bionano DLS; Arima Hi-C v2				
GCF_030035675.1	rRhiFlo1.hap2	Rhineura floridana	261503					rRhiFlo1	female	GCF_030035675.1-RS_2023_12	2307419594	22	Chromosome	2023-05-22	JASFZN01	18156940	188683971	76	0.97473264	0.9550802	0.019652406	0.0053475937	0.019919787	sauropsida_odb10	PacBio Sequel II HiFi; Bionano DLS; Arima Hi-C v2	27857	20552	2695	
GCA_032191835.1	APGP_CSIRO_Hbin_v1	Heteronotia binoei	13085				False Entrance Well	CCM8104	female		2633446684	21	Chromosome	2023-09-29	JAVQKZ01	14376057	150619664	660							PacBio Sequel				
GCF_032191835.1	APGP_CSIRO_Hbin_v1	Heteronotia binoei	13085				False Entrance Well	CCM8104	female	GCF_032191835.1-RS_2023_10	2633446684	21	Chromosome	2023-09-29	JAVQKZ01	14376057	150619664	660	0.9762032	0.9378342	0.038368985	0.004010695	0.019786097	sauropsida_odb10	PacBio Sequel	25370	20682	913	
GCA_043643385.1	ASM4364338v1	Chamaeleo calyptratus	179908					AJP-2024a	male		1803551824	12	Chromosome	2024-10-24	JBDIXL01	14096519	278718720	487							PacBio				
GCA_009819535.1	rLacAgi1.pri	Lacerta agilis	80427					rLacAgi1	female		1391387079	20	Chromosome	2019-12-31	WNMS01	6613248	86565987	28							PacBio Sequel I CLR; Illumina NovaSeq; Arima Genomics Hi-C; Bionano Genomics DLS				
GCF_009819535.1	rLacAgi1.pri	Lacerta agilis	80427					rLacAgi1	female	NCBI Lacerta agilis Annotation Release 100	1391387079	20	Chromosome	2019-12-31	WNMS01	6613248	86565987	28	0.9758021	0.9465241	0.029278075	0.004010695	0.020187166	sauropsida_odb10	PacBio Sequel I CLR; Illumina NovaSeq; Arima Genomics Hi-C; Bionano Genomics DLS	23190	20325	491	
GCA_964252035.1	rPodErh1.hap1.1	Podarcis erhardii	140042								1495977497	20	Chromosome	2024-08-31	CAXUOO01	3226442	93518625	325							PacBio,Arima2				
GCA_031021105.1	rEryReg1.hap1	Erythrolamprus reginae	121349					rEryReg1	female		1964049041	14	Chromosome	2023-08-31	JAVGWQ01	3064756	259117534	400							PacBio Sequel II HiFi; Arima Hi-C v2				
GCF_031021105.1	rEryReg1.hap1	Erythrolamprus reginae	121349					rEryReg1	female	GCF_031021105.1-RS_2024_12	1964049041	14	Chromosome	2023-08-31	JAVGWQ01	3064756	259117534	400	0.93877006	0.90721923	0.031550802	0.008957219	0.052272726	sauropsida_odb10	PacBio Sequel II HiFi; Arima Hi-C v2	23144	19996	702	
GCA_037367245.1	CIB_Pgui_1.0	Phrynocephalus guinanensis	740940					GN01	female		1813735221	24	Chromosome	2024-03-20	JAWVWL01	2541092	132691761	50							PacBio Sequel				
GCA_947247035.1	rVipUrs1.1	Vipera ursinii	103942								1625006165	19	Chromosome	2022-10-30	CAMXUJ01	2137891	212821320	383							PacBio,Arima2				
GCA_019175285.1	SceUnd_v1.1	Sceloporus undulatus	8520				Alabama	JIND9_A2432	male		1905484175	11	Chromosome	2021-07-08	JAGXEY01	75501	275632209	45012							Illumina HiSeq; PacBio				
GCF_019175285.1	SceUnd_v1.1	Sceloporus undulatus	8520				Alabama	JIND9_A2432	male	NCBI Sceloporus undulatus Annotation Release 100	1905484175	11	Chromosome	2021-07-08	JAGXEY01	75501	275632209	45012	0.95040107	0.9262032	0.024197862	0.015508021	0.03409091	sauropsida_odb10	Illumina HiSeq; PacBio	23443	19905	670	
GCA_041380405.1	SponNit_1.0	Spondylurus nitidus	3095121		Spon15				female		1397740396	16	Chromosome	2024-08-21	JAWXVK01	199700853	208671581	20							PacBio Sequel				
GCA_039707465.1	ASM3970746v1	Rhabdophis nuchalis	126483					MD-2024a	female		1924646879	20	Chromosome	2024-05-20	JBDLLF01	104787037	204956984	405							PacBio Revio sequencing; Hi-C sequencing; MGI short-read sequencing; RNA sequencing				
GCA_041722995.2	BASDU_1.0	Acritoscincus duperreyi	316450					Individual 364	male		1567876677	16	Chromosome	2024-11-06	JAVSCH02	90404876	222269761	171							PacBio Sequel II; Oxford Nanopore PromethION				
GCA_964340495.1	rHemHip1.1	Hemorrhois hippocrepis	166086								1806509314	19	Chromosome	2024-11-17	CAYFAC01	54718507	153613759	110							ONT, Illumina, Omni-C				
GCA_046524025.1	ASM4652402v1	Cerastes gasperettii	110202					CG1	female		1632725608	19	Chromosome	2025-01-06	JAZHBS01	45697377	214149504	221							PacBio; Hi-C				
GCA_964659585.1	rNatMau1.1	Natrix maura	8585								1738069032	18	Chromosome	2025-01-02	CBAADP01	36526383	174378910	209							ONT, Illumina, Arima v2				
GCA_047301725.1	DTU_Vamm_2.0	Vipera ammodytes	8704					VAMM-2024	male		1545746728	18	Chromosome	2025-01-30	JBKYKP01	35951249	210475551	24							PacBio Sequel; Illumina HiSeq				
GCA_033807585.1	HMAJ_1.0	Hydrophis major	355693				Western Australia	SAMAR72044	female		2166703382	16	Chromosome	2023-11-21	JAUCBL01	35743180	268276564	1320							PacBio RSII				
GCA_964265115.1	rMalMon1.1	Malpolon monspessulanus	184164								1752149986	23	Chromosome	2024-09-25	CAXWAQ01	32743049	121923953	60							ONT, Illumina, omniC				
GCA_042257475.1	ASM4225747v1	Asaccus caudivolvulus	886391					BBC_2024a			1733398839	20	Chromosome	2024-09-27	JBEURW01	19951807	114541579	37							Oxford Nanopore; Illumina; Omni-C				
GCA_021028975.2	MPM_Stown_v2.3	Sphaerodactylus townsendi	933632					TG3544	male		1810846735	17	Chromosome	2022-04-08	JAHVXK02	9459502	133801376	1742							Illumina HiSeq				
GCF_021028975.2	MPM_Stown_v2.3	Sphaerodactylus townsendi	933632					TG3544	male	NCBI Sphaerodactylus townsendi Annotation Release 100	1810846735	17	Chromosome	2022-04-08	JAHVXK02	9459502	133801376	1742	0.9221925	0.9052139	0.01697861	0.021791443	0.056016043	sauropsida_odb10	Illumina HiSeq	21793	18976	549	
GCA_964234825.1	rPodMel1.hap2.1	Podarcis melisellensis	65482								1437044901	18	Chromosome	2024-08-31	CAXSAJ01	3107267	92085810	200							PacBio,Arima2				
GCA_964270895.1	rPodFil1.hap1.1	Podarcis filfolensis	65481								1506948896	20	Chromosome	2024-09-29	CAXWSZ01	3042058	91563485	348							PacBio,Arima2				
GCA_965113305.1	rPodVau1.hap2.1	Podarcis vaucheri	140051								1510738089	18	Chromosome	2025-01-24	CBCOUL01	2992141	100944791	151							PacBio,Arima2				
GCA_965112155.1	rPodLio1.hap1.1	Podarcis liolepis	662736								1574003547	20	Chromosome	2025-01-23	CBCOQI01	2883979	95422932	289							PacBio,Arima2				
GCA_964106915.2	rPodGai1.hap1.2	Podarcis gaigeae	90521								1514623329	20	Chromosome	2024-09-17	CAXKYZ02	2858450	91932266	210							PacBio,Arima2				
GCA_964188305.1	rPodBoc1.hap1.1	Podarcis bocagei	90520								1615189422	20	Chromosome	2024-06-21	CAXLOY01	2681335	94948854	506							PacBio,Arima2				
GCA_965153305.1	rPodTil1.hap2.1	Podarcis tiliguerta	65485								1382196565	17	Chromosome	2025-02-26	CBCUEI01	2575368	90889416	306							PacBio,Arima2				
GCA_964273705.1	rNatHel1.hap1.1	Natrix helvetica	2025560								1777495310	18	Chromosome	2024-10-05	CAXWXV01	1870695	172830377	486							PacBio,Arima2				
GCA_964106635.2	rPodPit1.hap2.2	Podarcis pityusensis	74359								1417079496	18	Chromosome	2024-07-05	CAXKZD02	1719006	92418909	183							PacBio,Arima2				
GCA_947686815.1	rPodLil1.2	Podarcis lilfordi	74358							Annotation submitted by UB (Universitat de Barcelona)	1460085851	20	Chromosome	2023-08-09	CANTUW01	1481499	89641981	2148							ONT, 10X linked reads, omniC	991319	25676		
GCA_020142125.1	MUOH_PhPlat_1.1	Phrynosoma platyrhinos	52577					NK-2021	female	Annotation submitted by Miami University	1901839624	17	Chromosome	2021-09-27	JAIPUX01	12043	273212747	5291							Illumina	32712	16750		
GCA_003118565.2	Ppicta_v2.0	Paroedura picta	143630								1562175643	18	Scaffold	2021-09-14	BDOT02	21853	109004681	4871							Illumina HiSeq				
GCA_032468175.1	ASM3246817v1	Toxicocalamus goodenoughensis	2725382					LSUMZ 98043			1296406934		Scaffold	2023-10-10	JANHFN01	6052	110765	313041							Illumina				assembly from type material
GCA_000186305.2	Python_molurus_bivittatus-5.0.2	Python bivittatus	176946						female		1435034535		Scaffold	2013-09-15	AEQU02	10658	213970	39112							Illumina; 454				
GCF_000186305.1	Python_molurus_bivittatus-5.0.2	Python bivittatus	176946						female	NCBI Python bivittatus Annotation Release 102	1435034535		Scaffold	2013-09-15	AEQU02	10658	213970	39112	0.9236631	0.9147059	0.008957219	0.03355615	0.04278075	sauropsida_odb10	Illumina; 454	22427	19793	455	
GCA_900067755.1	pvi1.1	Pogona vitticeps	103695						male		1816116151		Scaffold	2017-02-28	CEMB01	33259	2290546	545310											
GCF_900067755.1	pvi1.1	Pogona vitticeps	103695						male	NCBI Pogona vitticeps Annotation Release 100	1716675060		Scaffold	2017-02-28	CEMB01	35501	2477614	13749	0.9721925	0.9609626	0.011229946	0.009491978	0.018315507	sauropsida_odb10		21994	18891	421	
GCA_000516915.1	OphHan1.0	Ophiophagus hannah	8665						male	Annotation submitted by Naturalis Biodiversity Center	1594074654		Scaffold	2013-12-11	AZIM01	5201	241519	296399							Illumina HiSeq	18579	18445		
GCA_037367305.1	CIB_Pvla_1.0	Phrynocephalus vlangalii	171652					QH392	female		1866892976		Contig	2024-03-19	JAWVWN01	4113497									PacBio Sequel				
GCA_029531705.1	CU_Pguttatus_1	Pantherophis guttatus	94885					1	male		1708105946		Scaffold	2023-03-31	JAKNRS01	3031475	63228677	466							PacBio				
GCF_029531705.1	CU_Pguttatus_1	Pantherophis guttatus	94885					1	male	GCF_029531705.1-RS_2023_10	1708105946		Scaffold	2023-03-31	JAKNRS01	3031475	63228677	466	0.9529412	0.9066845	0.046256684	0.005614973	0.04144385	sauropsida_odb10	PacBio	26250	20058	517	
GCA_001077635.2	Thamnophis_sirtalis-6.0	Thamnophis sirtalis	35019					EDBJR-23777	female		1424897867		Scaffold	2015-06-26	LFLD01	10447	647592	7930							Illumina				
GCF_001077635.1	Thamnophis_sirtalis-6.0	Thamnophis sirtalis	35019					EDBJR-23777	female	NCBI Thamnophis sirtalis Annotation Release 100	1424897867		Scaffold	2015-06-26	LFLD01	10447	647592	7930	0.7894385	0.77513367	0.014304813	0.07820856	0.13235295	sauropsida_odb10	Illumina	20076	18565	401	
GCA_023333645.1	rSceOcc1.0.p	Sceloporus occidentalis	8519					IW3139	male		2856339201		Scaffold	2022-05-11	JALMGF01	18989278	98418489	607							PacBio Sequel II; PacBIo Sequel IIe; Dovetail's OmniC; Illumina NovaSeq				
GCA_023970755.1	CU_Afeae_1.0	Azemiops feae	8773					CLP2232	female		1557776103		Contig	2022-06-22	JALGBA01	1596756									Illumina HiSeq; PacBio Sequel				
GCA_012654045.1	UNIGE_Pmuc_v1.0	Ptyas mucosa	31142					Pmuc001	female		1721466642		Scaffold	2020-04-22	WNWU01	41154	15963960	21198							Illumina HiSeq				
GCA_001527695.3	P.Mucros_1.0	Protobothrops mucrosquamatus	103944					PMUCROS			1673859098		Scaffold	2016-01-22	BCNE02	21948	424052	52279							Illumina HiSeq 2500				
GCF_001527695.2	P.Mucros_1.0	Protobothrops mucrosquamatus	103944					PMUCROS		NCBI Protobothrops mucrosquamatus Annotation Release 101	1673859098		Scaffold	2016-01-22	BCNE02	21948	424052	52279							Illumina HiSeq 2500	22367	20508	597	
GCA_046270485.1	ASM4627048v1	Boa constrictor	8574					UPRMGRS_1515_TJC_928			1545350959		Scaffold	2024-12-25	JBJNSB01	14006	22988	619391							Illumina				
GCA_046270045.1	ASM4627004v1	Basiliscus vittatus	211979					UPRMGRS_1288_TJC_661			2169435905		Scaffold	2024-12-24	JBJNIN01	12844	165964567	901793							Illumina				
GCA_046269885.1	ASM4626988v1	Daboia russelii	8707					RAP0501			1319863035		Scaffold	2024-12-24	JBJJOO01	5873	6703	452423							Illumina				
GCA_046271145.1	ASM4627114v1	Hemidactylus flaviviridis	260202					UPRMGRS_1744_TJC_1360			2270210552		Scaffold	2024-12-25	JBJPHH01	5485	6337	1595772							Illumina				
GCA_023053685.1	rDiaPun1.0.p	Diadophis punctatus similis	158812					HBS135679	female		1783006549		Scaffold	2022-04-19	JALIGW01	8013852	83654930	443							PacBio Sequel IIe; Dovetails OmniC; Illumina NovaSeq				
GCA_030847615.1	rGamWis1.0.hap2	Gambelia wislizenii	43593					HBS 135999	female		2466589883		Scaffold	2023-08-21	JAUMIR01	138191064	380060318	69							Illumina NovaSeq 6000; Pacbio Sequel IIe; Dovetail OmniC				
GCA_040207535.1	USC_Ccil_1.0	Correlophus ciliatus	143539				US Hobby	MAA-2024a			1652967480		Scaffold	2024-06-17	JBBPXQ01	109210969	109210969	151							PacBio				
GCA_030761175.1	rMasLat1.0.hap2	Masticophis lateralis	1651146					HBS 135920	female		1504000112		Scaffold	2023-08-16	JAUDYJ01	68931034	214958471	120							Illumina NovaSeq 6000; PacBio Sequel IIe; Dovetail OmniC				
GCA_037575465.1	rPanSpi1_p1.0	Pantherophis spiloides	648198					GreyRatsnake01	female		1791409153		Contig	2024-03-27	JAZDUJ01	66322725									PacBio Revio				
GCA_022577455.1	rAriEle1.0.p	Arizona elegans	94893				subspecies occidentalis	HBS 135684			1842534626		Scaffold	2022-03-15	JAKOOJ01	54101938	105945816	139							PacBio Sequel II; PacBio Sequel IIe; Dovetail OmniC; Illumina NovaSeq				
GCA_023362775.1	rChaBot1.0.p	Charina bottae	51858					HBS 135849			1804921757		Scaffold	2022-05-13	JALMGJ01	37334273	97015800	288							PacBio Sequel IIe; Dovetail's OmniC; Illumina NovaSeq				
GCA_034509955.1	ASU_Unig_1	Urosaurus nigricauda	3148767					ASU_Uro_nig_1	male		1870054407		Scaffold	2023-12-21	JAOEGL01	23281897	279651831	327							PacBio Sequel				
GCA_037043045.1	ASM3704304v1	Hydrophis curtus	355685					ss_UAE728			1925084451		Scaffold	2024-03-06	JAWKAS01	11305392	267790965	809							Oxford Nanopore PromethION; Illumina Novaseq				
GCA_029375565.1	UGM_Ggeck_1	Gekko gecko	36310					LN22022_2	male		2741107181		Scaffold	2023-03-23	JAPDNY01	10858724	190862615	4208							Oxford Nanopore; Illumina NextSeq				
GCA_001625485.2	ASM162548v2	Crotalus horridus	35024					016-059-111	female		1574170127		Scaffold	2024-11-01	LVCR02	2255360	2328772	5707							Oxford Nanopore PromethION				
GCA_030556195.1	ASM3055619v1	Anolis apletophallus	2032994		AnoAple_1.1				female		2423005677		Scaffold	2023-07-31	JARBWK01	658947	154613287	9445							Complete Genomics				
GCA_004798865.1	ASM479886v1	Varanus komodoensis	61221		SLA01				male	Annotation submitted by Gladstone Institutes	1507945839		Scaffold	2019-04-17	SJPD01	189463	23831982	1411							PacBio; Oxford Nanopore MinION; BioNano physical mapping; 10X Genomics	18293	18293		
GCF_004798865.1	ASM479886v1	Varanus komodoensis	61221		SLA01				male	NCBI Varanus komodoensis Annotation Release 100	1507945839		Scaffold	2019-04-17	SJPD01	189463	23831982	1411	0.9606952	0.9470588	0.013636364	0.0084224595	0.030882353	sauropsida_odb10	PacBio; Oxford Nanopore MinION; BioNano physical mapping; 10X Genomics	20435	17968	254	
GCA_018340635.1	Ibu_BjarHA_1.0	Bothrops jararaca	8724					BSP84406	female		1672323932		Scaffold	2021-05-11	JAGTXL01	162550	164310	27698							Illumina HiSeq; Illumina MiSeq; PacBio RSII				
GCA_015471245.1	latCor_2.0	Laticauda colubrina	8628								2038820311		Scaffold	2020-11-04	BLBF01	38278	39959644	20583							Illumina HiSeq X				
GCA_004320025.1	latLat_1.0	Laticauda laticaudata	8630								1558706106		Scaffold	2019-01-09	BHFT01	35581	39330	83587							Illumina HiSeq 2500; PacBio RS II				
GCA_900518725.1	TS10Xv2-PRI	Notechis scutatus	8663								1665525958		Scaffold	2018-09-24	ULFQ01	31763	5997050	52414											
GCF_900518725.1	TS10Xv2-PRI	Notechis scutatus	8663							NCBI Notechis scutatus Annotation Release 100	1665525958		Scaffold	2018-09-24	ULFQ01	31763	5997050	52414	0.9050802	0.8835561	0.021524064	0.031283423	0.06363636	sauropsida_odb10		23178	19770	826	
GCA_001447785.1	Gekko_japonicus_V1.1	Gekko japonicus	146911					JY-2015	male		2490257917		Scaffold	2015-11-25	LNDG01	29575	707733	191499							Illumina HiSeq2000				
GCF_001447785.1	Gekko_japonicus_V1.1	Gekko japonicus	146911					JY-2015	male	NCBI Gekko japonicus Annotation Release 100	2490257917		Scaffold	2015-11-25	LNDG01	29575	707733	191499	0.93248665	0.9157754	0.01671123	0.030614974	0.036898397	sauropsida_odb10	Illumina HiSeq2000	20954	19476	754	
GCA_024449315.1	ASM2444931v1	Daboia siamensis	343250				Thailand	CUKU22	female		1663732363		Scaffold	2022-07-26	JAKJMR01	27427	1108672	38791							10x linked reads				
GCA_023846285.1	PhrVer	Phrynocephalus versicolor	171651				EJN	EJN2017011	female		1603375173		Scaffold	2022-06-22	JAHTLZ01	27024	49226030	4556							10X Genomics				
GCA_044628595.1	ASM4462859v1	Varanus niloticus	62046					UPRMGRS_854_TJC_381			1828609873		Scaffold	2024-11-06	JBIELW01	10223	15994	1036177							Illumina				
GCA_046269865.1	ASM4626986v1	Micrurus fulvius	8637					UPRMGRS_638_TJC_164			1562482576		Scaffold	2024-12-24	JBJJOJ01	7426	8360	779519							Illumina				
GCA_046270445.1	ASM4627044v1	Fowlea piscator	2879141					RAP0482			1483696973		Scaffold	2024-12-25	JBJNRV01	6952	8055	593573							Illumina				
GCA_044335425.1	ASM4433542v1	Crotalus simus	1043007					UPRMGRS_1449_TJC_823			1327970636		Scaffold	2024-11-03	JBIELB01	6059	6988	509345							Illumina				
GCA_032467975.1	ASM3246797v1	Trimeresurus albolabris	8765					FMNH 255254			1232530381		Scaffold	2023-10-10	JANHFS01	4725	113187	317626							Illumina				
GCA_029215685.1	rPitCat1.0.hap2	Pituophis catenifer annectens	94852					HBS135680			1682881129		Scaffold	2023-03-14	JARCGV01	26555075	216834086	649							Illumina NovaSeq; Dovetail OmniC; PacBio Sequel IIe				
GCF_029215685.1	rPitCat1.0.hap2	Pituophis catenifer annectens	94852					HBS135680		GCF_029215685.1-RS_2025_01	1682881129		Scaffold	2023-03-14	JARCGV01	26555075	216834086	649	0.89799464	0.8830214	0.014973262	0.0081550805	0.09385027	sauropsida_odb10	Illumina NovaSeq; Dovetail OmniC; PacBio Sequel IIe	19833	17434	680	
GCA_029215795.1	rAnnSte1.0.hap2	Anniella stebbinsi	2202111					HBS135921	female		1891076299		Scaffold	2023-03-14	JARDYH01	120289678	276533474	91							PacBio Sequel IIe; Illumina NovaSeq; Dovetail OmniC				
GCA_026167975.1	rPhrBla1.0.hap2	Phrynosoma blainvillii	372482						female		1968358621		Scaffold	2022-11-14	JANUYF01	62272472	352551559	52							PacBio Sequel II; Illumina NovaSeq; Dovetail Genomics Omni-C				
GCA_029282475.1	ASM2928247v1	Phrynocephalus forsythii	171643				Tarim Basin		female	Annotation submitted by Lanzhou University	1816888593		Scaffold	2023-03-20	JAPFRF01	50948978	133255571	644							Illumina	20194	20194		
GCA_037013535.1	IntLes_1.0	Intellagama lesueurii	103694					November	male		1817723846		Scaffold	2024-03-05	JBAJHW01	39629392	269041945	556							PacBio Sequel				
GCA_032766585.1	D.uni.mHiFi.1.0	Darevskia unisexualis	254669					224			1398207223		Contig	2023-10-17	JAWDKO01	27396532									PacBio HiFi				
GCA_024509115.1	rCroOre1.0.p	Crotalus helleri	8741					HBS135844	male		1564777875		Scaffold	2022-08-04	JAKSXO01	10371895	110762666	697							PacBio Sequel II; PacBio Sequel IIe; Dovetails OmniC; Illumina NovaSeq				
GCA_016545835.1	ASM1654583v1	Crotalus tigris	88082				Arizona	CLP2741			1612002213		Contig	2021-01-06	VORL01	2106662									PacBio Sequel; Illumina				
GCF_016545835.1	ASM1654583v1	Crotalus tigris	88082				Arizona	CLP2741		NCBI Crotalus tigris Annotation Release 100	1612002213		Contig	2021-01-06	VORL01	2106662			0.9584225	0.9338235	0.02459893	0.005748663	0.035828877	sauropsida_odb10	PacBio Sequel; Illumina	23820	19653	564	
GCA_034642135.1	Dar_val_2.0	Darevskia valentini	122353		218				female		1647904108		Contig	2023-12-26	JAWWNG01	1103363									PacBio HiFi				
GCA_003586115.2	HLtupMer6	Salvator merianae	96440		LG2117				male		2068170046		Scaffold	2018-12-11	QVOM02	500019	55382274	4512							Illumina MiSeq; Illumina HiSeq; PacBio RSII; Optical map				
GCA_900518735.1	EBS10Xv2-PRI	Pseudonaja textilis	8673								1590035073		Scaffold	2018-09-24	ULFR01	50443	14685528	28550											
GCF_900518735.1	EBS10Xv2-PRI	Pseudonaja textilis	8673							NCBI Pseudonaja textilis Annotation Release 100	1590035073		Scaffold	2018-09-24	ULFR01	50443	14685528	28550	0.940508	0.91136366	0.029144386	0.015106952	0.044385027	sauropsida_odb10		22548	19358	713	
GCA_003402635.1	HabAm_1.0	Protobothrops flavoviridis	88087						female		1413200976		Scaffold	2018-08-02	BFFQ01	18879	467050	84502							Illumina MiSeq; Roche 454				
GCA_004319985.1	emyIji_1.0	Emydocephalus ijimae	34996								1625199642		Scaffold	2019-01-09	BHEV01	18545	18937	157858							Illumina HiSeq X				
GCA_014337955.1	AspMar1.0	Aspidoscelis marmoratus	403789					SIMRID8450			1639530780		Scaffold	2020-08-31	MTQE01	17774	32220929	3826							Illumina HiSeq				
GCA_043090425.1	ASM4309042v1	Chamaeleo dilepis	91908					UPRM_GenResCol_1049_TJC575			1786175575		Scaffold	2024-10-12	JBHLFC01	9578	12659	476822							Illumina				
GCA_044758705.1	ASM4475870v1	Anilius scytale	51844					UPRMGRS_1197_TJC_1122			1682758474		Scaffold	2024-11-10	JBINKI01	9223	11133	767392							Illumina				
GCA_004320005.1	hydMel_1.0	Hydrophis melanocephalus	34990								1402639853		Scaffold	2019-02-13	BHFS01	7411	59810	122022							Illumina HiSeq 2500; Illumina HiSeq 1500; Illumina MiSeq				
GCA_032468055.1	ASM3246805v1	Acrochordus granulatus	46287					FMNH 216296			1324550020		Scaffold	2023-10-10	JANHZU01	7023	156840	184515							Illumina				
GCA_042902775.1	ASM4290277v1	Bitis arietans	8692					UPRMGRS_805_TJC_332			1504653946		Scaffold	2024-10-10	JBHNWB01	5745	6586	884825							Illumina				
GCA_047292355.1	ASM4729235v1	Agkistrodon piscivorus	8715					UPRMGRS_576_TJC_103			1306416805		Scaffold	2025-01-28	JBKKFQ01	4672	5345	389111							Illumina				
GCA_046270685.1	ASM4627068v1	Bothrops atrox	8725					UPRMGRS_1183_TJC_1106			1401083250		Scaffold	2024-12-25	JBJNSD01	4498	5127	725154							Illumina				
GCA_036250565.1	ASM3625056v1	Sibynophis collaris	1070323					FMNH 255570			1308607799		Scaffold	2024-01-29	JANHFK01	3504	84221	459228							Illumina				
GCA_027560375.1	ASM2756037v1	Imantodes cenchoa	121343					FMNH 282648			1385158126		Scaffold	2023-01-03	JANHGD01	2902	52356	605251							Illumina				
GCA_019457695.2	c.ornata.1	Chrysopelea ornata	1296673					DD17			1334265196		Scaffold	2023-08-10	JAHWGE01	1484	1564	1119672							ABI3730; Illumina NovaSeq				
GCA_020711275.1	ASM2071127v1	Calotes versicolor	48253					BHU-M1	male		1334025125		Scaffold	2021-11-02	JAIOUR01	1066	1066	1818006							Illumina HiSeq				
GCA_026170595.1	rPleGil1.0.hap2	Plestiodon gilberti rubricaudatus	245608					HBS 135693			1571222493		Scaffold	2022-11-14	JANXHW01	127798174	231322181	39							PacBio Sequel II; Illumina NovaSeq; Dovetails OmniC				
GCA_023333525.1	rAspTig1.0.p	Aspidoscelis tigris stejnegeri	2917703					HBS 135688	male		1335650587		Scaffold	2022-05-11	JALMGA01	30424254	93690953	73							PacBio Sequel IIe; Dovetails OmniC; Illumina NovaSeq				
GCA_037215915.1	rPanGlo1_p1.0	Pantherophis vulpinus	94886					EasternFoxsnake02	female		1922551888		Scaffold	2024-03-19	JAXLNS01	28315126	145441293	232							PacBio Sequel; Illumina NovaSeq				
GCA_023646645.1	ASM2364664v1	Varanus salvator macromaculatus	1275487		VSA01				female		1702541867		Scaffold	2022-06-02	JAIXND01	1316942	71461993	858							Illumina NovaSeq; PacBio Sequel				
GCA_035047305.1	BraPum1.0	Bradypodion pumilum	179887				Western Cape Province	JTBG20231	male		2486266449		Scaffold	2024-01-03	JAWDJD01	178505980	389612775	21							PacBio Sequel; Illumina HiSeq				
GCA_035047345.1	BraVen1.1	Bradypodion ventrale	179890				Gauteng	JTBG20232	male		2373187502		Scaffold	2024-01-03	JAWDJE01	174922266	374919295	113							PacBio Sequel; Illumina HiSeq				
GCA_030015325.1	rCryege1_pri_20221122	Cryptoblepharus egeriae	2509230					BTS541	male		1409951851		Contig	2023-05-16	JAREYC01	109130949									PacBio HiFi				
GCA_029233225.1	rLeplis1.pri.20221122	Lepidodactylus listeri	747221					LG282	male		2348830489		Scaffold	2023-03-20	JARCFY01	64972995	119873534	401							PacBio HiFi; Illumina NovaSeq 6000				
GCA_040207615.1	KLS1140-ALA	Aipysurus laevis	8678					KLS1140-ALA	female		2074352530		Scaffold	2024-06-17	JBEABB01	26375519	27079146	4371							Oxford Nanopore PromethION				
GCA_033807725.1	HELE_1.0	Hydrophis elegans	355681				Western Australia	KLS1121	male		2010336133		Scaffold	2023-11-20	JAUPSR01	17470302	17836126	3120							Oxford Nanopore PromethION; MGI G400				
GCA_037055225.1	ASM3705522v1	Hydrophis ornatus	8685					ss_UAE730			1926171689		Scaffold	2024-03-07	JAWKAR01	17311133	270035755	546							Oxford Nanopore PromethION; Illumina Novaseq				
GCA_043380785.1	ASM4338078v1	Bothrops fonsecai	157549					SB0246	female		1713735417		Contig	2024-10-18	JBHMFU01	15609620									PacBio Sequel				
GCA_034641385.1	Dar_mix_1.0	Darevskia mixta	122392		80				male		1408516084		Contig	2023-12-26	JAWWNH01	15581688									PacBio HiFi				
GCA_034064705.1	ASM3406470v1	Bothrops alternatus	64174					SB0060	female		1739305912		Contig	2023-12-04	JARGCV01	13867869									PacBio HiFi				
GCA_043380585.1	ASM4338058v1	Bothrops cotiara	8727					SB0977			1632193668		Contig	2024-10-18	JBHMFV01	9330433									PacBio Sequel				
GCA_041893435.1	ASM4189343v1	Crotalus ruber	8735					CLP2635	male		1586194038		Scaffold	2024-09-10	JAZBHB01	5135385	6254503	1126							PacBio RSII				
GCA_037367255.1	CIB_Pput_1.0	Phrynocephalus putjatai	516951					GD01	female		1915366425		Contig	2024-03-19	JAWVWM01	3298286									PacBio Sequel				
GCA_034641395.1	Dar_arm_1.0	Darevskia armeniaca	307438		3_04				female		1925748154		Contig	2023-12-26	JAWWNF01	3089098									PacBio HiFi				
GCA_034642065.1	Dar_nair_1.0	Darevskia nairensis	307440		215				female		1772584127		Contig	2023-12-26	JAWWNI01	2900118									PacBio HiFi				
GCA_029891615.1	ASM2989161v1	Natrix natrix natrix	2563697				Saxony	TBG_2476			1733453643		Scaffold	2023-04-28	JAKRSK01	1528028	1579101	12760							PacBio Sequel; Illumina NovaSeq				
GCA_026122225.1	Hcha_1	Heloderma charlesbogerti	2940292					UTA R-15002	male		2303480078		Contig	2022-11-10	JANEZZ01	1358783									PacBio Sequel II				
GCA_948472985.1	IguDel_wgdbg2	Iguana delicatissima	51191								1911280145		Contig	2023-02-03	CAOKZL01	712766									Nanopore MinION				
GCA_900245905.1	ASM90024590v1	Lacerta viridis	65476						female		1439843026		Contig	2018-04-26	OFHU01	662519													
GCA_948474755.1	CteBak_wtdbg2	Ctenosaura bakeri	500334								1915228381		Contig	2023-02-03	CAOLHI01	444732									Nanopore MinION				
GCA_900245895.1	L. bilineata genome assembly	Lacerta bilineata	95620						female		1418148937		Contig	2018-04-26	OFHV01	368212													
GCA_042478105.1	CIBIO_Ggalloti_1.0	Gallotia galloti	39310					CIBIO_FBIO_DB28110	male		1178193302		Scaffold	2024-10-02	JAZDSK01	262190	58154731	7036							Illumina NovaSeq				
GCA_030052795.1	PanAll1.0	Pantherophis alleghaniensis	648196					AMNH R-178746	male		1725044628		Scaffold	2023-05-19	JAQZSL01	153617	21817759	65110							Chromium 10X; Illumina HiSeq				
GCA_022410635.1	HLtreOri1	Tretioscincus oriximinensis	88860					926409			1563094034		Scaffold	2022-02-28	JAJVDF01	71375	1528078	5432							Illumina MiSeq; Illumina HiSeq				
GCA_012654085.1	UNIGE_PanObs_1.0	Pantherophis obsoletus	39099					EOBS11	female		1692461844		Scaffold	2020-04-22	WJSR01	38205	14519768	36795							Illumina HiSeq				
GCA_022412395.1	HLcalSin1	Calyptommatus sinebrachiatus	174780					MTR03294			1750921936		Scaffold	2022-02-28	JAJVDE01	35273	5507198	12067							Illumina HiSeq				
GCA_029204185.1	lerEdw1.0	Lerista edwardsae	470340					Ler83		Annotation submitted by Harvard University	1740840159		Scaffold	2023-03-14	JAJKFI01	35012	11085295	40606							Illumina NovaSeq	21220	21110	110	
GCA_044473165.1	ASM4447316v1	Trachylepis maculilabris	864816					UPRM_GenResCol_715_TJC242			1205588941		Scaffold	2024-11-05	JBIDEJ01	19265	11158936	125643							Illumina				
GCA_047032895.1	ASM4703289v1	Morelia carinata	461328					6D85LG77VE			1394536071		Scaffold	2025-01-23	JBKKFD01	18247	27810	115909							Illumina				
GCA_003457575.1	DSBC_Tbai_1.0	Thermophis baileyi	527827				Yangbajing	1-13	female		1747678728		Scaffold	2018-09-05	QLTV01	18227	2413955	20729							Illumina HiSeq				
GCA_043090785.1	ASM4309078v1	Aspidoscelis angusticeps	1433128					UPRMGRS_1236_TJC_609			1550972284		Scaffold	2024-10-12	JBHNVU01	17441	31166	644684							Illumina				
GCA_031001705.1	ASM3100170v1	Simalia tracyae	129332					IRGN 6EWDE7KRG7			1468689395		Scaffold	2023-08-30	JARFOB01	14047	67349691	67984							Illumina				
GCA_043090965.1	ASM4309096v1	Trachylepis brevicollis	323738					UPRMGRS_1040_TJC_566			1392040926		Scaffold	2024-10-12	JBHLFF01	13447	32277	278407							Illumina				
GCA_046269605.1	ASM4626960v1	Latastia doriai	2202409					UPRMGRS_1882_TJC_1498			1405143167		Scaffold	2024-12-24	JBJJOD01	12848	25885	211615							Illumina				
GCA_043090985.1	ASM4309098v1	Acanthocercus cyanogaster	1247901					UPRMGRS_1025_TJC_551			1711849805		Scaffold	2024-10-12	JBHLFK01	12629	19844	583104							Illumina				
GCA_043656535.1	ASM4365653v1	Trachylepis striata	355654					UPRMGRS_716_TJC_243			1499650431		Scaffold	2024-10-23	JBIELK01	12469	22087	632691							Illumina				
GCA_043090795.1	ASM4309079v1	Coleonyx elegans	449387					UPRMGRS_1267_TJC_640			1743395238		Scaffold	2024-10-12	JBHOMS01	11825	16266	284641							Illumina				
GCA_046270865.1	ASM4627086v1	Acanthocercus annectans	1241320					UPRMGRS_1743_TJC_1359			1736362833		Scaffold	2024-12-25	JBJPGY01	11171	18161	624685							Illumina				
GCA_043090905.1	ASM4309090v1	Panaspis annettesabinae	3102984					UPRMGRS_737_TJC_264			1213563386		Scaffold	2024-10-12	JBHLFE01	10951	18085	397272							Illumina				
GCA_043090945.1	ASM4309094v1	Sceloporus chrysostictus	43620					UPRM_GenResCol_1269_TJC642			1906508306		Scaffold	2024-10-12	JBHLFM01	10734	157335117	378652							Illumina				
GCA_046269685.1	ASM4626968v1	Acanthocercus guentherpetersi	2201893					UPRMGRS_1769_TJC_1385			1635261204		Scaffold	2024-12-24	JBJJOB01	10616	15720	323334							Illumina				
GCA_027559625.1	ASM2755962v1	Morelia viridis	129333					IRGN N6CF72GX22	male		1380678911		Scaffold	2023-01-03	JANHOE01	10471	205778	110412							Illumina				
GCA_046270945.1	ASM4627094v1	Acanthocercus atricollis	690289					UPRMGRS_1740_TJC_1356			1714708839		Scaffold	2024-12-25	JBJPHF01	10442	16693	629873							Illumina				
GCA_044335435.1	ASM4433543v1	Agama doriae	175455					UPRMGRS_944_TJC_471			1581448633		Scaffold	2024-11-03	JBIELC01	10270	15068	588439							Illumina				
GCA_046270145.1	ASM4627014v1	Bungarus ceylonicus	1296667					RAP0441			1418001123		Scaffold	2024-12-24	JBJPGP01	10250	12155	217425							Illumina				
GCA_043656425.1	ASM4365642v1	Varanus albigularis	8558					UPRMGRS_1062_TJC_588			1660173986		Scaffold	2024-10-23	JBIEOM01	9422	14924	512288							Illumina				
GCA_043090765.1	ASM4309076v1	Xenagama zonura	2202509					UPRMGRS_1718_TJC_1334			1671624657		Scaffold	2024-10-12	JBHLFD01	9295	14675	551060							Illumina				
GCA_047292095.1	ASM4729209v1	Aspidura guentheri	1296316					RAP0437			1315359738		Scaffold	2025-01-28	JBKOJE01	9092	10834	228284							Illumina				
GCA_046270885.1	ASM4627088v1	Corallus caninus	51861					UPRMGRS_1134_TJC_1056			1504169967		Scaffold	2024-12-25	JBJPHE01	8773	12887	567513							Illumina				
GCA_046270105.1	ASM4627010v1	Mesoscincus schwartzei	463565					UPRMGRS_1574_TJC_987			1891847392		Scaffold	2024-12-24	JBJPGL01	8546	12816	682577							Illumina				
GCA_043090385.1	ASM4309038v1	Acanthocercus minutus	2516550					UPRMGRS_982_TJC_509			1677815126		Scaffold	2024-10-12	JBHLFA01	8487	13094	575538							Illumina				
GCA_047748255.1	ASM4774825v1	Crotalus enyo	125865					JXCM8J6AK9			1330534060		Scaffold	2025-02-12	JBLLKU01	8470	9956	254891							Illumina				
GCA_032468155.1	ASM3246815v1	Oxyrhabdium leporinum	186594					FMNH 278897			1266969297		Scaffold	2023-10-10	JANHFL01	8427	137739	245550							Illumina				
GCA_044335405.1	ASM4433540v1	Chamaeleo laevigatus	373863					UPRMGRS_801_TJC_328			1910558459		Scaffold	2024-11-03	JBIELG01	8372	10563	889497							Illumina				
GCA_047032955.1	ASM4703295v1	Sibynophis subpunctatus	1297029					RAP0491			1399184462		Scaffold	2025-01-23	JBKKFB01	8294	9563	245304							Illumina				
GCA_046270765.1	ASM4627076v1	Holcosus undulatus	171128					UPRMGRS_1298_TJC_672			1631490424		Scaffold	2024-12-25	JBJNSC01	7783	16955	817447							Illumina				
GCA_046269825.1	ASM4626982v1	Hypnale hypnale	44720					RS-139			1339194119		Scaffold	2024-12-24	JBJJOM01	7582	8929	486504							Illumina				
GCA_043091225.1	ASM4309122v1	Drymarchon corais	186583					UPRMGRS_1469_TJC_843			1541663314		Scaffold	2024-10-12	JBHLFG01	7195	8258	641395							Illumina				
GCA_017656035.1	ASM1765603v1	Myanophis thanlyinensis	2777982					TSch-2020a	male		1315615078		Scaffold	2021-04-01	JAEANM01	7005	7375	297074							Illumina NovaSeq				
GCA_044758725.1	ASM4475872v1	Chamaeleo gracilis	91909					UPRMGRS_687_TJC_214			1876020895		Scaffold	2024-11-10	JBINKK01	6897	8507	869906							Illumina				
GCA_046766435.1	ASM4676643v1	Boiga barnesii	1296651					RAP0499			1383736546		Scaffold	2025-01-19	JBKIYP01	6856	7856	290412							Illumina				
GCA_047292475.1	ASM4729247v1	Crotalus mitchellii	384065					K8CGM633SY			1315687591		Scaffold	2025-01-28	JBKKFL01	6783	7874	297277							Illumina				
GCA_046269805.1	ASM4626980v1	Hydrophis schistosus	8682					RAP0487			1361440344		Scaffold	2024-12-24	JBJJOL01	6762	8112	442709							Illumina				
GCA_046270185.1	ASM4627018v1	Tarentola annularis	178379					UPRMGRS_1745_TJC_1361			2018276412		Scaffold	2024-12-24	JBJPGK01	6698	8056	879367							Illumina				
GCA_046766475.1	ASM4676647v1	Rhinophis saffragamus	2202463					RS-140			1484728958		Scaffold	2025-01-19	JBKOJP01	6537	7759	329086							Illumina				
GCA_046270085.1	ASM4627008v1	Bungarus caeruleus	132961					RAP0514			1550021801		Scaffold	2024-12-24	JBJJOK01	6476	8108	697355							Illumina				
GCA_046270205.1	ASM4627020v1	Boiga trigonata	1296666					RAP0478			1455726019		Scaffold	2024-12-24	JBJPGO01	6460	7363	580550							Illumina				
GCA_046269725.1	ASM4626972v1	Cordylus rivae	1642039					UPRMGRS_1038_TJC_564			2047432416		Scaffold	2024-12-24	JBJJOE01	6430	8350	413008							Illumina				
GCA_046269745.1	ASM4626974v1	Dasypeltis abyssina	2202287					TJC1354			1354614273		Scaffold	2024-12-24	JBJJOG01	6394	7258	389167							Illumina				
GCA_047748195.1	ASM4774819v1	Boiga beddomei	1296652					RAP0543			1463895606		Scaffold	2025-02-12	JBLLKS01	6378	7277	359238							Illumina				
GCA_043658275.1	ASM4365827v1	Naja melanoleuca	8643					UPRMGRS_763_TJC_290			1506037899		Scaffold	2024-10-23	JBIEOI01	6368	7226	677166							Illumina				
GCA_046118495.1	ASM4611849v1	Hemidactylus macropholis	343430					UPRMGRS_1747_TJC_1363			1978972337		Scaffold	2024-12-16	JBJNII01	6287	7638	1022070							Illumina				
GCA_042902795.1	ASM4290279v1	Naja nigricollis	8654					UPRMGRS_905_TJC_432			1557685408		Scaffold	2024-10-10	JBHNWC01	6220	7030	816937							Illumina				
GCA_046270845.1	ASM4627084v1	Ameiva ameiva	8535					UPRMGRS_1198_TJC_1123			1787292150		Scaffold	2024-12-25	JBJNSF01	6151	9188	949953							Illumina				
GCA_041295975.1	ASM4129597v1	Laemanctus serratus	1476580					UPRM_GenResCol_1286_TJC659			1937125715		Scaffold	2024-08-15	JBGGHT01	6107	7591	593264							Illumina				
GCA_047748115.1	ASM4774811v1	Crotalus aquilus	8743					ZJI623N7X7			1335091190		Scaffold	2025-02-12	JBLLKR01	6025	7101	337364							Illumina				
GCA_032467955.1	ASM3246795v1	Pseudoxenodon macrops	1082482					FMNH 255568			1354374879		Scaffold	2023-10-10	JANHFT01	5955	113982	338712							Illumina				
GCA_046270345.1	ASM4627034v1	Ahaetulla nasuta	910399					RAP0458			1444489040		Scaffold	2024-12-25	JBJNRS01	5911	6673	562579							Illumina				
GCA_046269965.1	ASM4626996v1	Bofa erlangeri	3148990					UPRMGRS_759_TJC_286			1371312475		Scaffold	2024-12-24	JBJJOI01	5891	6780	368910							Illumina				
GCA_042902815.1	ASM4290281v1	Causus rhombeatus	44735					UPRMGRS_1020_TJC_546			1441227104		Scaffold	2024-10-10	JBHNWA01	5757	6516	821969							Illumina				
GCA_046270245.1	ASM4627024v1	Oligodon sublineatus	1297019					RS-141			1511596314		Scaffold	2024-12-25	JBJPGW01	5703	6491	671904							Illumina				
GCA_044335465.1	ASM4433546v1	Psammophis sibilans	434258					UPRMGRS_855_TJC_382			1529890299		Scaffold	2024-11-03	JBIELD01	5582	6252	907883							Illumina				
GCA_041107755.1	ASM4110775v1	Leptophis mexicanus	2202412					UPRM_GenResCol_1274/TJC647			1672404947		Scaffold	2024-08-08	JBFTWW01	5497	75049723	290614							Illumina				
GCA_042902875.1	ASM4290287v1	Micrurus diastema	39023					UPRMGRS_1379_TJC_753			1595859904		Scaffold	2024-10-10	JBHNWF01	5421	6228	955228							Illumina				
GCA_043110025.1	ASM4311002v1	Atractaspis microlepidota	42165					UPRMGRS_935_TJC_462			1558578040		Scaffold	2024-10-14	JBHOMR01	5338	5950	596518							Illumina				
GCA_043091265.1	ASM4309126v1	Crotaphopeltis hotamboeia	190824					UPRMGRS_765_TJC_292			1577774038		Scaffold	2024-10-12	JBHNVX01	5289	5989	881955							Illumina				
GCA_044758865.1	ASM4475886v1	Sphaerodactylus glaucus	933631					UPRMGRS_1514_TJC_927			1869327878		Scaffold	2024-11-10	JBINKN01	5245	5986	840290							Illumina				
GCA_043091005.1	ASM4309100v1	Psammophis punctulatus	382754					UPRMGRS_934_TJC_461			1453078311		Scaffold	2024-10-12	JBHNVV01	5233	5858	746416							Illumina				
GCA_032468095.1	ASM3246809v1	Pareas carinatus	211648					FMNH 255233			1440111001		Scaffold	2023-10-10	JANHFO01	5229	92338	421728							Illumina				
GCA_046270065.1	ASM4627006v1	Ophisaurus attenuatus	102192					UPRMGRS_648_TJC_174			1756140044		Scaffold	2024-12-24	JBJJON01	5159	8181	674866							Illumina				
GCA_046269945.1	ASM4626994v1	Thamnophis saurita	35017					UPRMGRS_637_TJC_163			1565020913		Scaffold	2024-12-24	JBJMAQ01	5116	5720	1023038							Illumina				
GCA_043111325.1	ASM4311132v1	Phrynonax poecilonotus	1401211					UPRMGRS_1392_TJC_766			1700242173		Scaffold	2024-10-14	JBHRFS01	5106	5707	1191716							Illumina				
GCA_046270025.1	ASM4627002v1	Amphiesma stolatum	186574					RS-G			1495603661		Scaffold	2024-12-24	JBJJOR01	5005	5654	713129							Illumina				
GCA_043090695.1	ASM4309069v1	Bothrops asper	8722					UPRMGRS_1417_TJC_791			1472702756		Scaffold	2024-10-12	JBHLFB01	4954	5615	813985							Illumina				
GCA_046269645.1	ASM4626964v1	Atractaspis fallax	2202122					UPRMGRS_1783_TJC_1399			1480888178		Scaffold	2024-12-24	JBJJOA01	4810	5351	523821							Illumina				
GCA_047748275.1	ASM4774827v1	Boiga ceylonensis	1296664					RAP0515			1466880029		Scaffold	2025-02-12	JBLLKT01	4794	5486	448148							Illumina				
GCA_046270465.1	ASM4627046v1	Fowlea asperrima	3148108					RAP0430			1438234060		Scaffold	2024-12-25	JBJNRT01	4679	5261	787824							Illumina				
GCA_043656995.1	ASM4365699v1	Mochlus sundevallii	681533					UPRMGRS_802_TJC_329			1583177162		Scaffold	2024-10-23	JBIEKX01	4635	5914	1055108							Illumina				
GCA_025802295.1	ASM2580229v1	Psammodynastes pulverulentus	186598					FMNH 273629			1470439028		Scaffold	2022-10-23	JAOYMU01	4604	69323547	103289							Illumina				
GCA_044008395.1	ASM4400839v1	Thecadactylus rapicauda	290508					UPRMGRS_1259_TJC_632			1971735319		Scaffold	2024-10-28	JBIMEL01	4577	5408	968525							Illumina				
GCA_046270265.1	ASM4627026v1	Lycodon aulicus	1125755					RAP0440			1603009826		Scaffold	2024-12-25	JBJPGQ01	4571	5074	884150							Illumina				
GCA_046270545.1	ASM4627054v1	Kentropyx calcarata	171155					UPRMGRS_1200_TJC_1125			1647245270		Scaffold	2024-12-25	JBJNRU01	4566	6137	1109922							Illumina				
GCA_046270985.1	ASM4627098v1	Dendrelaphis caudolineolatus	1296994					RS-W			1360322881		Scaffold	2024-12-25	JBJPHK01	4526	5073	531175							Illumina				
GCA_043090665.1	ASM4309066v1	Anolis tropidonotus	323608					UPRMGRS_1289_TJC_662			2033670527		Scaffold	2024-10-12	JBHLFJ01	4522	198463375	493781							Illumina				
GCA_032468115.1	ASM3246811v1	Grayia smithii	292832					LSUMZ 44406			1424957665		Scaffold	2023-10-10	JANHFM01	4398	93166	424630							Illumina				
GCA_046269845.1	ASM4626984v1	Anolis lemurinus	141898					UPRMGRS_1367_TJC_741			2030659747		Scaffold	2024-12-24	JBJJOQ01	4307	248603908	379962							Illumina				
GCA_046270325.1	ASM4627032v1	Ahaetulla pulverulenta	1296312					RS-C			1643276095		Scaffold	2024-12-25	JBJPGR01	4300	4860	1024040							Illumina				
GCA_042902835.1	ASM4290283v1	Hemidactylus brookii	153723					UPRMGRS_1063_TJC_589			1959412682		Scaffold	2024-10-10	JBHZFW01	4241	5231	1097201							Illumina				
GCA_046118535.1	ASM4611853v1	Nerodia floridana	183608					UPRMGRS_1115_TJC_1028			1765969052		Scaffold	2024-12-16	JBJNIF01	4194	4701	1555755							Illumina				
GCA_046269905.1	ASM4626990v1	Aparallactus lunulatus	2137779					UPRMGRS_1042_TJC_568			1420808310		Scaffold	2024-12-24	JBJJOF01	4181	4583	477265							Illumina				
GCA_046270305.1	ASM4627030v1	Dendrelaphis schokari	1296998					RAP0494			1494988914		Scaffold	2024-12-25	JBJPGU01	4146	4603	766776							Illumina				
GCA_000737285.1	CrotMitch1.0	Crotalus pyrrhus	384069						female		1126791715		Scaffold	2014-08-01	JPMF01	4103	5299	473380							Illumina HiSeq				
GCA_032468235.1	ASM3246823v1	Pseudoxyrhopus heterurus	1175435					FMNH 259987			1267882189		Scaffold	2023-10-10	JANHJO01	4098	103616	370324							Illumina				
GCA_032468215.1	ASM3246821v1	Stegonotus admiraltiensis	2200754					LSUMZ 93597			1532827728		Scaffold	2023-10-10	JANHZT01	4085	79980	642501							Illumina				
GCA_044335585.1	ASM4433558v1	Imantodes gemmistratus	427721					UPRMGRS_1462_TJC_836			1603931177		Scaffold	2024-11-03	JBIELF01	3972	4352	1007321							Illumina				
GCA_043110085.1	ASM4311008v1	Telescopus dhara	338837					UPRMGRS_783_TJC_310			1830961150		Scaffold	2024-10-14	JBHRFQ01	3951	4500	1454690							Illumina				
GCA_027560395.1	ASM2756039v1	Boaedon fuliginosus	39328					FMNH 251328			1404044445		Scaffold	2023-01-03	JANHGC01	3950	62558	583668							Illumina				
GCA_044474425.1	ASM4447442v1	Drymobius margaritiferus	1159292					UPRM_GenResCol_1244_TJC617			1639623190		Scaffold	2024-11-05	JBIDEK01	3892	4345	862336							Illumina				
GCA_046118595.1	ASM4611859v1	Pseudelaphe flavirufa	201446					UPRMGRS_1482_TJC_856			1841508851		Scaffold	2024-12-16	JBJNIH01	3841	4302	1709459							Illumina				
GCA_043090545.1	ASM4309054v1	Leptodeira frenata	427726					UPRMGRS_1270_TJC_643			1498896549		Scaffold	2024-10-12	JBHNVY01	3727	4104	855023							Illumina				
GCA_043656835.1	ASM4365683v1	Philothamnus battersbyi	1328047					UPRMGRS_723_TJC_250			1537575310		Scaffold	2024-10-23	JBIEKW01	3704	4078	791101							Illumina				
GCA_046244955.1	ASM4624495v1	Imantodes tenuissimus	2202404					UPRMGRS_1913_TJC_A13			1680662002		Scaffold	2024-12-21	JBJKBH01	3658	4010	990320							Illumina				
GCA_046269985.1	ASM4626998v1	Ninia sebae	699588					UPRMGRS_1453_TJC_827			1427840168		Scaffold	2024-12-24	JBJJOH01	3535	3873	658100							Illumina				
GCA_032468135.1	ASM3246813v1	Calamaria suluensis	2905135					FMNH 273639			1266431896		Scaffold	2023-10-10	JANHFP01	3488	37019	431810							Illumina				
GCA_032468015.1	ASM3246801v1	Mimophis mahfalensis	143666					FMNH 259984			1477391700		Scaffold	2023-10-10	JANHFR01	3427	46823	710676							Illumina				
GCA_026931265.2	ASM2693126v2	Tropidonophis doriae	2879190					LSUMZ 129280			1321534600		Scaffold	2023-06-01	JAPKID02	3400	3479	693335							Illumina				
GCA_032468195.1	ASM3246819v1	Cerberus rynchops	46267					FMNH 250126			1263809361		Scaffold	2023-10-10	JANHFJ01	3368	72084	415657							Illumina				
GCA_046270605.1	ASM4627060v1	Dipsas brevifacies	2837952					UPRMGRS_1300_TJC_674			1688931252		Scaffold	2024-12-25	JBJPGV01	3321	3681	1189522							Illumina				
GCA_046269705.1	ASM4626970v1	Ninia diademata	1212713					UPRMGRS_1708_TJC_1208			1399062315		Scaffold	2024-12-24	JBJJOC01	3319	3636	656849							Illumina				
GCA_043110945.1	ASM4311094v1	Trioceros harennae	617237					UPRMGRS_1010_TJC_537			1805721784		Scaffold	2024-10-14	JBHRFO01	3313	3842	923407							Illumina				
GCA_046270525.1	ASM4627052v1	Dendrelaphis bifrenalis	1296992					RS-E			1643797998		Scaffold	2024-12-25	JBJPGS01	3295	3778	1132798							Illumina				
GCA_042902895.1	ASM4290289v1	Trioceros balebicornutus	617161					UPRMGRS_1014_TJC_540			1923204000		Scaffold	2024-10-10	JBHZFU01	3283	3774	1265414							Illumina				
GCA_043090505.1	ASM4309050v1	Naja haje	8639					UPRMGRS_828_TJC_355			1366997453		Scaffold	2024-10-12	JBHLEZ01	3239	3546	788879							Illumina				
GCA_046270785.1	ASM4627078v1	Anolis planiceps	1184709					UPRMGRS_1216_TJC_1141			2078730204		Scaffold	2024-12-25	JBJNSJ01	3235	246836988	598741							Illumina				
GCA_046118615.1	ASM4611861v1	Marisora unimarginata	155309					UPRMGRS_1575_TJC_988			2061348979		Scaffold	2024-12-16	JBJNIG01	3170	4094	2247241							Illumina				
GCA_044758885.1	ASM4475888v1	Bachia flavescens	174777					UPRMGRS_1137_TJC_1059			2174424381		Scaffold	2024-11-10	JBINKJ01	3053	3373	1398263							Illumina				
GCA_043090225.1	ASM4309022v1	Anolis rodriguezii	1720241					UPRMGRS_1235_TJC_608			2058309103		Scaffold	2024-10-12	JBHLEY01	2957	242524223	468140							Illumina				
GCA_047292495.1	ASM4729249v1	Coniophanes schmidti	2202205					UPRM_GenResCol_1266_TJC639			1525133817		Scaffold	2025-01-28	JBKIKE01	2913	3195	685492							Illumina				
GCA_043111265.1	ASM4311126v1	Trioceros affinis	617160					UPRMGRS_989_TJC_516			1866327970		Scaffold	2024-10-14	JBHUPM01	2890	3294	1188762							Illumina				
GCA_047748155.1	ASM4774815v1	Lycodon carinatus	1296671					RAP0447			1260540301		Scaffold	2025-02-12	JBLLKQ01	2884	3194	506369							Illumina				
GCA_046118475.1	ASM4611847v1	Tropidodipsas fasciata	1212738					UPRMGRS_1292_TJC_666			1705552386		Scaffold	2024-12-16	JBJNIB01	2866	3091	1182581							Illumina				
GCA_047292395.1	ASM4729239v1	Cachryx defensor	552730					UPRMGRS_1544_TJC_957			2688161150		Scaffold	2025-01-28	JBLADH01	2847	106532694	733816							Illumina				
GCA_044758745.1	ASM4475874v1	Natriciteres olivacea	186588					UPRMGRS_859_TJC_386			1676993831		Scaffold	2024-11-10	JBIMDY01	2720	3012	1448590							Illumina				
GCA_032468035.1	ASM3246803v1	Aparallactus werneri	46264					FMNH 251842			1290508616		Scaffold	2023-10-10	JANHFQ01	2672	40515	577532							Illumina				
GCA_046270405.1	ASM4627040v1	Siphlophis compressus	121382					UPRMGRS_1185_TJC_1110			2176178512		Scaffold	2024-12-25	JBJMAP01	2638	2889	2156316							Illumina				
GCA_041731335.1	ASM4173133v1	Gonatodes alexandermendesi	911496		UPRM_GenResCol_1214/TJC1139						2422479999		Scaffold	2024-09-03	JBGSAX01	2440	29801607	1377332							Illumina				
GCA_047748215.1	ASM4774821v1	Trimeresurus trigonocephalus	109787					RAP0519			1264643924		Scaffold	2025-02-12	JBLLKO01	2395	2617	636935							Illumina				
GCA_046270565.1	ASM4627056v1	Oligodon taeniolatus	1297020					RS-136			1720457759		Scaffold	2024-12-25	JBJPGT01	2167	2391	1477168							Illumina				
GCA_046270625.1	ASM4627062v1	Anolis sericeus	323603					UPRMGRS_1265_TJC_638			2642981604		Scaffold	2024-12-25	JBJUSB01	2011	198132041	2092547							Illumina				
GCA_044335485.1	ASM4433548v1	Coniophanes imperialis	2202176					UPRMGRS_1243_TJC_616			1789120263		Scaffold	2024-11-03	JBIELE01	1940	2090	1763199							Illumina				
GCA_046271025.1	ASM4627102v1	Geophis sartorii	3148144					UPRMGRS_1308_TJC_682			1652346441		Scaffold	2024-12-25	JBJPGZ01	1797	1950	1518858							Illumina				
GCA_022379055.1	ASM2237905v1	Anilios bituberculatus	261707					pet trade			1642818667		Scaffold	2022-02-23	JAJFZI01	1591	1985	1428882							Illumina GAIIx				
GCA_047292375.1	ASM4729237v1	Corytophanes hernandesii	2055234					UPRMGRS_1437_TJC_811			1189742295		Scaffold	2025-01-28	JBKOQM01	1198	1311	986836							Illumina				
GCA_043111055.1	ASM4311105v1	Agama finchi	690286					UPRMGRS_900_TJC_427			1325141945		Scaffold	2024-10-14	JBHRFR01	1074	1228	1562775							Illumina				
GCA_047404595.1	ASM4740459v1	Dendrelaphis tristis	1296996					RAP0526			1061994145		Scaffold	2025-02-04	JBKOPV01	1023	1079	1003289							Illumina				
GCA_047404615.1	ASM4740461v1	Varanus macraei	437655					KGYV6RTTXK			951943030		Scaffold	2025-02-04	JBKOKC01	970	980	971245							Illumina				
GCA_047748235.1	ASM4774823v1	Tupinambis teguixin	8532					PX4254QE63			1027577988		Scaffold	2025-02-12	JBLLKN01	956	1009	1026645							Illumina				
GCA_047404675.1	ASM4740467v1	Tiliqua occipitalis	1041590					WF1DI642YZ			1072607371		Scaffold	2025-02-04	JBKOKD01	859	869	1190381							Illumina				
GCA_026541955.2	ASM2654195v2	Simalia boeleni	129328					IRGN PZUCYBPU2B			1433213430		Scaffold	2023-06-01	JANKYG02	823	143246	539791							Illumina				
GCA_041108255.1	ASM4110825v1	Xenodon rabdocephalus	1159290					UPRM_GenResCol_1579/TJC992			538834981		Scaffold	2024-08-08	JBFXLW01	311	316	1590559							Illumina				
GCA_047335585.1	Pvi2.1	Pogona vitticeps	103695					YC-2024	male		1793327715	16	Chromosome	2025-01-31	JBJJNW01	202516942	274873533	16							Oxford Nanopore				
GCA_037176775.1	rAnoSag1.pat	Anolis sagrei	38937					rAnoSag1	male		1727284250	13	Chromosome	2024-03-15	JBBBDP01	40158202	274775750	41							PacBio Sequel II HiFi; Arima Hi-C v2				
GCA_964188315.1	rPodMur119.hap1.1	Podarcis muralis	64176								1522624192	20	Chromosome	2024-06-21	CAXLPC01	3229453	91987695	184							PacBio,Arima2				
GCA_014706415.1	LU_Pmuni_1.1	Podarcis muralis nigriventris	1534827					SMA-M2-Green	male		1786136138	19	Chromosome	2020-10-02	JACVSS01	8570969	51203085	3561							Oxford Nanopore PromethION				
GCA_045269775.1	SHOU_CoCili_1.2	Correlophus ciliatus	143539					SOU1801018	male		1661507015	19	Chromosome	2024-11-25	JBISET01	74966670	109969818	190							Oxford Nanopore; Illumina; Hi-C; RNA-seq				
GCA_035046495.1	rTilSci1.hap1	Tiliqua scincoides	71010					rTilSci1	male		1694434935	16	Chromosome	2024-01-04	JAYFUJ01	38979350	220631699	827							PacBio Sequel II HiFi; Arima Hi-C v2				
GCA_019472885.1	HCur_v2	Hydrophis curtus	355685					PK_4	male		1964827820	17	Chromosome	2021-08-09	JABAHG01	9704100	266229956	711							PacBio Sequel; Illumina HiSeq				
GCA_016801415.1	ASM1680141v1	Sceloporus tristichus	190870					Voucher No. AMNH 154032. CUST_Tissue_1075. Female	female		1792659486	11	Chromosome	2021-02-04	JACSCJ01	90701	267474498	5851							Illumina HiSeq				
GCA_030867085.1	rLiaOli1.hap2	Liasis olivaceus	283338					rLiaOli1	female		1478263624	17	Chromosome	2023-08-24	JAVFJM01	74672673	203536677	65							PacBio Sequel II HiFi; Bionano Genomics DLS; Arima Hi-C v2				
GCA_047715955.1	rBraPum1.hap2	Bradypodion pumilum	179887				Western Cape Province	JTBG20231	male		2479053460	17	Chromosome	2025-02-12	JBLFLG01	53345644	388707816	82							PacBio Sequel II HiFi; Dovetail Omni-C				
GCA_047715975.1	rBraPum1.hap1	Bradypodion pumilum	179887				Western Cape Province	JTBG20231	male		2467904324	17	Chromosome	2025-02-12	JBLFLF01	44366450	387402510	73							PacBio Sequel II HiFi; Dovetail Omni-C				
GCA_046126825.1	rDibSmi1.hap2	Dibamus cf. smithi	3379902					rDibSmi1	male		1821555219	17	Chromosome	2024-12-18	JBJQOK01	26439680	131869530	720							PacBio Revio HiFi; Arima Hi-C v2				
GCA_046126795.1	rDibSmi1.hap1	Dibamus cf. smithi	3379902					rDibSmi1	male		2282703727	19	Chromosome	2024-12-18	JBJQOJ01	18158878	146217707	326							PacBio Revio HiFi; Arima Hi-C v2				
GCA_964106785.1	rPodGai1.hap2.1	Podarcis gaigeae	90521								1422314362	18	Chromosome	2024-06-06	CAXKYY01	3102815	91280916	127							PacBio,Arima2				
GCA_964234715.1	rPodMel1.hap1.1	Podarcis melisellensis	65482								1574905529	20	Chromosome	2024-08-31	CAXSAM01	3027832	91073809	385							PacBio,Arima2				
GCA_965113315.1	rPodVau1.hap1.1	Podarcis vaucheri	140051								1614911144	20	Chromosome	2025-01-24	CBCOUM01	2971493	99219926	284							PacBio,Arima2				
GCA_964188325.1	rPodBoc1.hap2.1	Podarcis bocagei	90520								1473581329	18	Chromosome	2024-06-21	CAXLPH01	2843701	94909467	627							PacBio,Arima2				
GCA_965153285.1	rPodTil1.hap1.1	Podarcis tiliguerta	65485								1462309935	20	Chromosome	2025-02-26	CBCUEJ01	2556791	89160134	257							PacBio,Arima2				
GCA_964106645.2	rPodPit1.hap1.2	Podarcis pityusensis	74359								1515356318	20	Chromosome	2024-07-06	CAXKZF02	1611619	91584625	335							PacBio,Arima2				
GCA_018446365.1	Cadam_11369	Crotalus adamanteus	8729					Cadam-KW1264	female	Annotation submitted by Florida State University	1597630743	19	Scaffold	2021-05-25	JADPQB01	338034	338034	11368							Illumina HiSeq; Oxford Nanopore; PacBio	796	796		
GCA_046118575.1	ASM4611857v1	Pantherophis guttatus	94885					UPRMGRS_656_TJC_182			1897816255		Scaffold	2024-12-16	JBJNIC01	3607	4010	1773464							Illumina				
GCA_047404315.1	ASM4740431v1	Crotalus viridis	8739					N8EYV858SB			1329045377		Scaffold	2025-02-04	JBKOIX01	7460	8728	284143							Illumina				
GCA_039880715.1	rSisCat1_a1.0	Sistrurus catenatus	8756					EasternMassasaugaR01			1559830260		Scaffold	2024-05-28	JBAIFW01	12532727	200181838	178							PacBio Sequel II; Illumina NovaSeq 6000				
GCA_037127405.1	Scatenatus_1.1	Sistrurus catenatus	8756		sca1453				female		1521034437		Scaffold	2024-03-13	JASPKD01	810402	195716378	2004							Illumina HiSeq; PacBio RSII				
GCA_029207655.1	rThaSir1.0.hap2	Thamnophis sirtalis fitchi	2713152					HBS 135685			1683046358		Scaffold	2023-03-14	JAPXFS01	14321763	83410609	226							Illumina NovaSeq; Dovetail OmniC; PacBio Sequel II				
GCA_029207665.1	rThaSir1.0.hap1	Thamnophis sirtalis fitchi	2713152					HBS 135685			1620948005		Scaffold	2023-03-14	JAPXFR01	11631205	86752743	412							Illumina NovaSeq; Dovetail OmniC; PacBio Sequel II				
GCA_023333635.1	rSceOcc1.0.a	Sceloporus occidentalis	8519					IW3139	male		3186658811		Scaffold	2022-05-11	JALMGG01	17628953	38771511	1771							PacBio Sequel II; PacBIo Sequel IIe; Dovetail's OmniC; Illumina NovaSeq				
GCA_964188395.1	rPodSic1.hap2.1	Podarcis siculus	65484								1455930776		Scaffold	2024-06-19	CAXLPE01	3344999	94302458	152							PacBio,Arima2				
GCA_964188365.1	rPodMur119.hap2.1	Podarcis muralis	64176								1433931530		Scaffold	2024-06-19	CAXLPD01	3330575	92433681	91							PacBio,Arima2				
GCA_009769695.1	rThaEle1.alt	Thamnophis elegans	35005					rThaEle1	female		1814330211		Scaffold	2019-12-19	WNNB01	432811	440193	13623							PacBio Sequel I CLR; Illumina NovaSeq; Arima Genomics Hi-C; Bionano Genomics DLS				
GCA_034642415.1	UCBerk_Psic_1	Podarcis siculus	65484				Pod Mrcaru	PM_59b	female		1430801131		Scaffold	2023-12-26	JAXCMG01	70246	27224046	16675							Illumina HiSeq 4000; 10X Genomics Chromium Linked-Reads technology				
GCA_018093825.1	NN_10x_BNG	Naja naja	35670					NN05	female		2092710121		Scaffold	2021-04-19	JACCQE01	58649	147513233	40389							Illumina HiSeq				
GCA_047748295.1	ASM4774829v1	Diadophis punctatus	158804					UPRMGRS_642_TJC_168			2163832644		Scaffold	2025-02-12	JBLLKW01	1451	99365112	696795							Illumina				
GCA_023053675.2	rElgMul1.1.alt	Elgaria multicarinata webbii	159646				San Diego	HBS135686			1810359265		Scaffold	2024-01-04	JALIGT02	76551155	115422351	627							Illumina NovaSeq 6000; PacBio Sequel II; Dovetail OmniC				
GCA_038048715.1	rColCon1_a1.0	Coluber constrictor foxii	3052055					BlueRacer01	female		1668806547		Scaffold	2024-04-10	JAWJVE01	75089467	141372050	30							PacBio Sequel; Illumina NovaSeq				
GCA_023053665.1	rDiaPun1.0.a	Diadophis punctatus similis	158812					HBS135679	female		1577714162		Scaffold	2022-04-19	JALIGX01	6581262	65413798	2064							PacBio Sequel IIe; Dovetails OmniC; Illumina NovaSeq				
GCA_030847625.1	rGamWis1.0.hap1	Gambelia wislizenii	43593					HBS 135999	female		2469021284		Scaffold	2023-08-21	JAUMIQ01	141377706	379351600	140							Illumina NovaSeq 6000; Pacbio Sequel IIe; Dovetail OmniC				
GCA_037575665.1	rPanSpi1_a1.0	Pantherophis spiloides	648198					GreyRatsnake01	female		1784724287		Contig	2024-03-26	JAZDUK01	66322324									PacBio Revio				
GCA_030761195.1	rMasLat1.0.hap1	Masticophis lateralis	1651146					HBS 135920	female		1783872330		Scaffold	2023-08-16	JAUDYI01	58217841	146316236	197							Illumina NovaSeq 6000; PacBio Sequel IIe; Dovetail OmniC				
GCA_023362785.1	rChaBot1.0.a	Charina bottae	51858					HBS 135849			1703974979		Scaffold	2022-05-13	JALMGK01	38502584	107200052	224							PacBio Sequel IIe; Dovetail's OmniC; Illumina NovaSeq				
GCA_963506595.1	rZooViv1.1 alternate haplotype	Zootoca vivipara	8524								1221338756		Contig	2023-09-21	CAUOQM01	324996									PacBio,Arima2				
GCA_027172095.1	rPodRaf1.alt	Podarcis raffonei	65483				La Canna islet	rPodRaf1	female		182031793		Scaffold	2022-12-21	JAPYJZ01	38366	38369	4811							PacBio Sequel II HiFi; Bionano DLS; Arima Hi-C v2				
GCA_900608555.1	TS10Xv2-ALT	Notechis scutatus	8663								1259915822		Scaffold	2020-11-22	UWZA01	37180	8497191	1158											
GCA_007859595.1	VCOM_VKom_1.0	Varanus komodoensis	61221					Tujah	male		1606418949		Scaffold	2019-08-07	VEXN01	37135	23221552	84067							Illumina				
GCA_022578425.1	rAriEle1.0.a	Arizona elegans	94893				subspecies occidentalis	HBS 135684			2206698359		Scaffold	2022-03-15	JAKOOK01	34039	38559	54869							PacBio Sequel II; PacBio Sequel IIe; Dovetail OmniC; Illumina NovaSeq				
GCA_004320045.1	latCor_1.0	Laticauda colubrina	8628								2024687924		Scaffold	2019-01-09	BHFR01	26721	3139541	62906							Illumina HiSeq X				
GCA_047292575.1	ASM4729257v1	Tiliqua scincoides	71010					MGHCZUBTCV			1812522348		Scaffold	2025-01-28	JBKOJL01	1742	1990	1150419							Illumina				
GCA_029215655.1	rPitCat1.0.hap1	Pituophis catenifer annectens	94852					HBS135680			1749238485		Scaffold	2023-03-14	JARCGU01	33264011	161302193	425							Illumina NovaSeq; Dovetail OmniC; PacBio Sequel IIe				
GCA_964194405.1	rVipBer3.hap2.1	Vipera berus	31155								1476666783		Scaffold	2024-06-27	CAXMMI01	4761684	216582812	348							PacBio,Arima2				
GCA_000800605.1	Vber.be_1.0	Vipera berus berus	31156					VBER.BE-female	female		1532390814		Scaffold	2014-12-10	JTGP01	11725	126452	28883							Illumina				
GCA_019677565.1	AU_Pcat_1.0	Pituophis catenifer pumilus	94857				Santa Cruz Island	PC167	female		1516097738		Scaffold	2021-08-18	JAHUAB01	7987	198106452	63678							Illumina HiSeq				
GCA_030412085.1	rCycPin1.hap2	Cyclura pinguis	118683					rCycPin1	male		1955392031		Scaffold	2023-07-05	JASZZL01	123360854	291690877	33							PacBio Sequel II HiFi; Bionano Genomics DLS; Dovetail OmniC				
GCA_029215775.1	rAnnSte1.0.hap1	Anniella stebbinsi	2202111					HBS135921	female		1890507581		Scaffold	2023-03-14	JARDYG01	120109455	275917861	134							PacBio Sequel IIe; Illumina NovaSeq; Dovetail OmniC				
GCA_026167985.1	rPhrBla1.0.hap1	Phrynosoma blainvillii	372482						female		2210317752		Scaffold	2022-11-14	JANUYE01	72389463	352464347	78							PacBio Sequel II; Illumina NovaSeq; Dovetail Genomics Omni-C				
GCA_024509165.1	rCroOre1.a	Crotalus helleri	8741					HBS135844	male		1628461744		Scaffold	2022-08-03	JAKSXP01	68097879	68097879	340							PacBio Sequel II; PacBio Sequel IIe; Dovetails OmniC; Illumina NovaSeq				
GCA_035125265.1	rCanAsp1.hap1	Candoia aspera	51853					rCanAsp1	female		1529331567		Scaffold	2024-01-05	JAYKKY01	49525232	209784440	180							PacBio Sequel II HiFi; Arima Hi-C v2				
GCA_029931755.1	rEulEur1.hap2	Euleptes europaea	460621					rEulEur1	male		1775520415		Scaffold	2023-05-03	JARABB01	31964801	101915064	381							PacBio Sequel II HiFi; Bionano Genomics DLS; Arima Hi-C v2				
GCA_030035715.1	rRhiFlo1.hap1	Rhineura floridana	261503					rRhiFlo1	female		2321796813		Scaffold	2023-05-16	JASFZO01	16490926	194483480	623							PacBio Sequel II HiFi; Bionano DLS; Arima Hi-C v2				
GCA_032766555.1	D.uni.pHiFi.1.0	Darevskia unisexualis	254669					224			1368749763		Contig	2023-10-17	JAWDKN01	15093826									PacBio HiFi				
GCA_031021085.1	rEryReg1.hap2	Erythrolamprus reginae	121349					rEryReg1	female		2038227610		Contig	2023-08-30	JAVGWR01	4297867									PacBio Sequel II HiFi; Arima Hi-C v2				
GCA_964251985.1	rPodErh1.hap2.1	Podarcis erhardii	140042								1477748000		Scaffold	2024-08-29	CAXUON01	3027117	93568419	647							PacBio,Arima2				
GCA_951804955.1	rPodCre2.1 alternate haplotype	Podarcis cretensis	1330250								1372769884		Contig	2023-06-02	CATORK01	2337560									PacBio,Arima2				
GCA_031001685.1	rEryReg1.hap3	Erythrolamprus reginae	121349					rEryReg1	female		2090234102		Contig	2023-08-30	JAVGWS01	1499913									PacBio Sequel II HiFi; Arima Hi-C v2				
GCA_024294605.1	rVipLat1.alt	Vipera latastei	246179					rVipLat1	male		1549880332		Scaffold	2022-07-16	JANCQZ01	560665	560665	6799							PacBio Sequel II HiFi				
GCA_009819545.1	rLacAgi1.alt	Lacerta agilis	80427					rLacAgi1	female		1429379209		Scaffold	2019-12-23	WNMT01	365044	365044	12660							PacBio Sequel I CLR; Illumina NovaSeq; Arima Genomics Hi-C; Bionano Genomics DLS				
GCA_947247025.1	rVipUrs1.1 alternate haplotype	Vipera ursinii	103942								1180062022		Scaffold	2022-10-30	CAMXUI01	216874	217576	9575							PacBio,Arima2				
GCA_027244105.1	rHemCap1.1.alt	Hemicordylus capensis	884348				Gifberg		male		2930984251		Contig	2022-12-22	JAPMAN01	95103									PacBio Sequel IIe				
GCA_900608585.1	EBS10Xv2-ALT	Pseudonaja textilis	8673								1234590605		Scaffold	2020-11-22	UWYZ01	54646	17062011	504											
GCA_024498535.1	Dval_245	Darevskia valentini	122353					245			1455696420		Scaffold	2022-07-29	JAIXNF01	49117	3939878	31777							10x				
GCA_041475465.1	UCB_Pguinanensis	Phrynocephalus guinanensis	740940		GN17-4		small sand dunes in Guinan county, Qinghai Province, China		female		1958387030		Scaffold	2024-08-26	JBDJIE01	19391	29048704	50019							10X Genomics				
GCA_026170395.1	rPleGil1.0.hap1	Plestiodon gilberti rubricaudatus	245608					HBS 135693			1447213922		Scaffold	2022-11-14	JANXHV01	127845512	184425444	49							PacBio Sequel II; Illumina NovaSeq; Dovetails OmniC				
GCA_023333555.1	rAspTig1.0.a	Aspidoscelis tigris stejnegeri	2917703					HBS 135688	male		1675887475		Scaffold	2022-05-11	JALMGB01	49541617	98364735	227							PacBio Sequel IIe; Dovetails OmniC; Illumina NovaSeq				
GCA_037215945.1	rPanGlo1_a1.0	Pantherophis vulpinus	94886					EasternFoxsnake02	female		1906104767		Scaffold	2024-03-18	JAXLNT01	28315120	160296173	198							PacBio Sequel; Illumina NovaSeq				
GCA_029890345.1	ASM2989034v1	Natrix helvetica helvetica	1768100				North Wales	BRSN:Natrix-HFL1	female		1782847860		Contig	2023-04-27	JAKRSI01	4622328									PacBio Sequel; Illumina NovaSeq				
GCA_964270875.1	rPodFil1.hap2.1	Podarcis filfolensis	65481								1404018672		Scaffold	2024-09-30	CAXWSY01	3222728	91985471	142							PacBio,Arima2				
GCA_964273795.1	rNatHel1.hap2.1	Natrix helvetica	2025560								1513526581		Scaffold	2024-10-04	CAXWXW01	1998865	174922612	502							PacBio,Arima2				
GCF_000090745.2	AnoCar2.0	Anolis carolinensis	28377							NCBI Anolis carolinensis Annotation Release 102	1799126364	13	Chromosome	2010-05-17	AAWZ02	79867	4033265	6645							ABI	22279	19352	428	
GCA_000090745.2	AnoCar2.0	Anolis carolinensis	28377								1799126364	13	Chromosome	2011-01-10	AAWZ02	79867	4033265	6645							ABI				
GCA_011800845.1	UG_Zviv_1	Zootoca vivipara	8524					ELT05324	female		1464283545	19	Chromosome	2020-04-01	JAATIO01	219893	92810032	25251							Illumina HiSeq; PacBio Sequel				
GCF_011800845.1	UG_Zviv_1	Zootoca vivipara	8524					ELT05324	female	NCBI Zootoca vivipara Annotation Release 100	1464283545	19	Chromosome	2020-04-01	JAATIO01	219893	92810032	25251	0.9760695	0.9564171	0.019652406	0.0046791444	0.019251337	sauropsida_odb10	Illumina HiSeq; PacBio Sequel	22831	20278	647	
GCA_025583915.1	AnoSag2.1	Anolis sagrei ordinatus	2962859					Geneva1000	female		1926425113		Scaffold	2022-10-05	JANCLY01	208754	253587442	3738							Illumina HiSeq				
GCF_025583915.1	AnoSag2.1	Anolis sagrei ordinatus	2962859					Geneva1000	female	GCF_025583915.1-RS_2023_10	1926425113		Scaffold	2022-10-05	JANCLY01	208754	253587442	3738	0.9681818	0.9446524	0.023529412	0.007887701	0.02393048	sauropsida_odb10	Illumina HiSeq	22719	19987	785	
GCA_001185365.2	UNIGE_PanGut_3.0	Pantherophis guttatus	94885					EG266	male		1706961544		Scaffold	2020-04-13	JTLQ02	37981	16790024	34268							Illumina HiSeq; BioNano genome maps				
GCF_001185365.1	UNIGE_PanGut_3.0	Pantherophis guttatus	94885					EG266	male	NCBI Pantherophis guttatus Annotation Release 100	1706961544		Scaffold	2020-04-13	JTLQ02	37981	16790024	34268	0.9375668	0.92459893	0.012967914	0.017513368	0.044919785	sauropsida_odb10	Illumina HiSeq; BioNano genome maps	25732	19907	432	
GCA_004023725.1	ASM402372v1	Hydrophis cyanocinctus	8686					QH_1-3			1389857256		Scaffold	2019-01-15	RSAE01	3626	7437	546690							Illumina NovaSeq				
GCA_004023765.1	ASM402376v1	Hydrophis hardwickii	8781					PK_1-3			1296394113		Scaffold	2019-01-15	RSAD01	2852	5391	616046							Illumina NovaSeq				
GCA_024760675.1	Cviridis_CV0650_chrW	Crotalus viridis	8739					CV0650	female		23851012	1	Scaffold	2022-08-23	JANPYN01	10093	13252	2027							Illumina NovaSeq				
